NAME,Population
City of London,10938
Barking and Dagenham,214107
Barnet,399007
Bexley,249301
Brent,327753
Bromley,332752
Camden,279516
Croydon,388563
Ealing,340341
Enfield,333587
Greenwich,289034
Hackney,280941
Hammersmith and Fulham,183544
Haringey,266357
Harrow,252338
Havering,260651
Hillingdon,309014
Hounslow,271767
Islington,248115
Kensington and Chelsea,156864
Kingston upon Thames,179142
Lambeth,321813
Lewisham,305309
Merton,206453
Newham,355266
Redbridge,305658
Richmond upon Thames,198141
Southwark,320017
Sutton,207707
Tower Hamlets,331969
Waltham Forest,276940
Wandsworth,329735
Westminster,269848
